3001.15,1,dripping,image_classification,experiment_0.json
3201.18,1,dripping,image_classification,experiment_0.json
3401.06,1,intermitent,image_classification,experiment_0.json
3600.97,1,intermitent,image_classification,experiment_0.json
3800.97,1,intermitent,image_classification,experiment_0.json
4001.17,1,intermitent,image_classification,experiment_0.json
4201.06,1,intermitent,image_classification,experiment_0.json
4401.12,1,intermitent,image_classification,experiment_0.json
4601.01,1,cone_jet,image_classification,experiment_0.json
4800.9,1,undefined,image_classification,experiment_0.json
5001.13,1,undefined,image_classification,experiment_0.json
5201.11,1,undefined,image_classification,experiment_0.json
5400.97,1,multi_jet,image_classification,experiment_0.json
5600.9,1,multi_jet,image_classification,experiment_0.json
5800.93,1,multi_jet,image_classification,experiment_0.json
6001.11,1,multi_jet,image_classification,experiment_0.json
6201.05,1,multi_jet,image_classification,experiment_0.json
6400.99,1,multi_jet,image_classification,experiment_0.json
6600.86,1,multi_jet,image_classification,experiment_0.json
6800.79,1,multi_jet,image_classification,experiment_0.json
7001.12,1,multi_jet,image_classification,experiment_0.json
7201.06,1,multi_jet,image_classification,experiment_0.json
7400.95,1,multi_jet,image_classification,experiment_0.json
7600.86,1,multi_jet,image_classification,experiment_0.json
7800.78,1,multi_jet,image_classification,experiment_0.json
8000.9,1,multi_jet,image_classification,experiment_0.json
8200.95,1,multi_jet,image_classification,experiment_0.json
8400.9,1,multi_jet,image_classification,experiment_0.json
8600.75,1,multi_jet,image_classification,experiment_0.json
8800.66,1,multi_jet,image_classification,experiment_0.json
9000.89,1,multi_jet,image_classification,experiment_0.json
3001.33,2,undefined,image_classification,experiment_0.json
3201.25,2,dripping,image_classification,experiment_0.json
3401.11,2,intermitent,image_classification,experiment_0.json
3601.01,2,intermitent,image_classification,experiment_0.json
3800.99,2,intermitent,image_classification,experiment_0.json
4001.16,2,intermitent,image_classification,experiment_0.json
4201.09,2,intermitent,image_classification,experiment_0.json
4401.14,2,cone_jet,image_classification,experiment_0.json
4601.02,2,cone_jet,image_classification,experiment_0.json
4800.92,2,cone_jet,image_classification,experiment_0.json
5001.16,2,cone_jet,image_classification,experiment_0.json
5201.12,2,undefined,image_classification,experiment_0.json
5400.99,2,multi_jet,image_classification,experiment_0.json
5600.94,2,multi_jet,image_classification,experiment_0.json
5800.91,2,multi_jet,image_classification,experiment_0.json
6001.15,2,multi_jet,image_classification,experiment_0.json
6201.08,2,multi_jet,image_classification,experiment_0.json
6401.01,2,multi_jet,image_classification,experiment_0.json
6600.88,2,multi_jet,image_classification,experiment_0.json
6800.84,2,multi_jet,image_classification,experiment_0.json
7001.17,2,multi_jet,image_classification,experiment_0.json
7201.08,2,multi_jet,image_classification,experiment_0.json
7400.99,2,multi_jet,image_classification,experiment_0.json
7600.89,2,multi_jet,image_classification,experiment_0.json
7800.79,2,multi_jet,image_classification,experiment_0.json
8000.94,2,multi_jet,image_classification,experiment_0.json
8201,2,multi_jet,image_classification,experiment_0.json
8400.92,2,multi_jet,image_classification,experiment_0.json
8600.74,2,multi_jet,image_classification,experiment_0.json
8800.68,2,multi_jet,image_classification,experiment_0.json
9000.9,2,multi_jet,image_classification,experiment_0.json
3001.33,3,undefined,image_classification,experiment_0.json
3201.26,3,dripping,image_classification,experiment_0.json
3401.15,3,intermitent,image_classification,experiment_0.json
3601.04,3,intermitent,image_classification,experiment_0.json
3801.02,3,intermitent,image_classification,experiment_0.json
4001.21,3,intermitent,image_classification,experiment_0.json
4201.09,3,intermitent,image_classification,experiment_0.json
4401.16,3,cone_jet,image_classification,experiment_0.json
4601.04,3,cone_jet,image_classification,experiment_0.json
4800.92,3,cone_jet,image_classification,experiment_0.json
5001.19,3,cone_jet,image_classification,experiment_0.json
5201.14,3,cone_jet,image_classification,experiment_0.json
5400.99,3,multi_jet,image_classification,experiment_0.json
5600.92,3,multi_jet,image_classification,experiment_0.json
5800.92,3,multi_jet,image_classification,experiment_0.json
6001.15,3,multi_jet,image_classification,experiment_0.json
6201.09,3,multi_jet,image_classification,experiment_0.json
6401.01,3,multi_jet,image_classification,experiment_0.json
6600.89,3,multi_jet,image_classification,experiment_0.json
6800.84,3,multi_jet,image_classification,experiment_0.json
7001.13,3,multi_jet,image_classification,experiment_0.json
7201.1,3,multi_jet,image_classification,experiment_0.json
7400.97,3,multi_jet,image_classification,experiment_0.json
7600.86,3,multi_jet,image_classification,experiment_0.json
7800.81,3,multi_jet,image_classification,experiment_0.json
8000.92,3,multi_jet,image_classification,experiment_0.json
8200.98,3,multi_jet,image_classification,experiment_0.json
8400.89,3,multi_jet,image_classification,experiment_0.json
8600.77,3,multi_jet,image_classification,experiment_0.json
8800.67,3,multi_jet,image_classification,experiment_0.json
9000.9,3,multi_jet,image_classification,experiment_0.json
3001.18,4,dripping,image_classification,experiment_1.json
3201.19,4,dripping,image_classification,experiment_1.json
3401.1,4,intermitent,image_classification,experiment_1.json
3600.97,4,intermitent,image_classification,experiment_1.json
3800.95,4,intermitent,image_classification,experiment_1.json
4001.17,4,intermitent,image_classification,experiment_1.json
4201.06,4,intermitent,image_classification,experiment_1.json
4401.09,4,intermitent,image_classification,experiment_1.json
4601.01,4,intermitent,image_classification,experiment_1.json
4800.88,4,intermitent,image_classification,experiment_1.json
5001.15,4,cone_jet,image_classification,experiment_1.json
5201.11,4,cone_jet,image_classification,experiment_1.json
5400.95,4,cone_jet,image_classification,experiment_1.json
5600.9,4,multi_jet,image_classification,experiment_1.json
5800.93,4,multi_jet,image_classification,experiment_1.json
6001.12,4,multi_jet,image_classification,experiment_1.json
6201.07,4,multi_jet,image_classification,experiment_1.json
6401.01,4,multi_jet,image_classification,experiment_1.json
6600.89,4,multi_jet,image_classification,experiment_1.json
6800.82,4,multi_jet,image_classification,experiment_1.json
7001.11,4,multi_jet,image_classification,experiment_1.json
7201.09,4,multi_jet,image_classification,experiment_1.json
7400.97,4,multi_jet,image_classification,experiment_1.json
7600.86,4,multi_jet,image_classification,experiment_1.json
7800.78,4,multi_jet,image_classification,experiment_1.json
8000.96,4,multi_jet,image_classification,experiment_1.json
8200.97,4,multi_jet,image_classification,experiment_1.json
8400.9,4,multi_jet,image_classification,experiment_1.json
8600.74,4,multi_jet,image_classification,experiment_1.json
8800.66,4,multi_jet,image_classification,experiment_1.json
9000.87,4,multi_jet,image_classification,experiment_1.json
3001.3,5,undefined,image_classification,experiment_1.json
3201.25,5,dripping,image_classification,experiment_1.json
3401.13,5,intermitent,image_classification,experiment_1.json
3600.99,5,intermitent,image_classification,experiment_1.json
3800.98,5,intermitent,image_classification,experiment_1.json
4001.18,5,intermitent,image_classification,experiment_1.json
4201.06,5,intermitent,image_classification,experiment_1.json
4401.15,5,intermitent,image_classification,experiment_1.json
4601.01,5,intermitent,image_classification,experiment_1.json
4800.93,5,intermitent,image_classification,experiment_1.json
5001.15,5,intermitent,image_classification,experiment_1.json
5201.11,5,intermitent,image_classification,experiment_1.json
5400.97,5,cone_jet,image_classification,experiment_1.json
5600.9,5,cone_jet,image_classification,experiment_1.json
5800.92,5,cone_jet,image_classification,experiment_1.json
6001.12,5,undefined,image_classification,experiment_1.json
6201.07,5,multi_jet,image_classification,experiment_1.json
6400.99,5,multi_jet,image_classification,experiment_1.json
6600.87,5,multi_jet,image_classification,experiment_1.json
6800.81,5,multi_jet,image_classification,experiment_1.json
7001.12,5,multi_jet,image_classification,experiment_1.json
7201.08,5,multi_jet,image_classification,experiment_1.json
7400.98,5,multi_jet,image_classification,experiment_1.json
7600.88,5,multi_jet,image_classification,experiment_1.json
7800.77,5,multi_jet,image_classification,experiment_1.json
8000.89,5,multi_jet,image_classification,experiment_1.json
8200.97,5,multi_jet,image_classification,experiment_1.json
8400.89,5,multi_jet,image_classification,experiment_1.json
8600.74,5,multi_jet,image_classification,experiment_1.json
8800.63,5,multi_jet,image_classification,experiment_1.json
9000.87,5,multi_jet,image_classification,experiment_1.json
3001.31,6,dripping,image_classification,experiment_1.json
3201.23,6,dripping,image_classification,experiment_1.json
3401.09,6,intermitent,image_classification,experiment_1.json
3600.99,6,intermitent,image_classification,experiment_1.json
3800.99,6,intermitent,image_classification,experiment_1.json
4001.16,6,intermitent,image_classification,experiment_1.json
4201.07,6,intermitent,image_classification,experiment_1.json
4401.12,6,intermitent,image_classification,experiment_1.json
4601.02,6,intermitent,image_classification,experiment_1.json
4800.91,6,intermitent,image_classification,experiment_1.json
5001.16,6,intermitent,image_classification,experiment_1.json
5201.12,6,cone_jet,image_classification,experiment_1.json
5400.97,6,cone_jet,image_classification,experiment_1.json
5600.91,6,cone_jet,image_classification,experiment_1.json
5800.94,6,undefined,image_classification,experiment_1.json
6001.14,6,undefined,image_classification,experiment_1.json
6201.08,6,multi_jet,image_classification,experiment_1.json
6401.01,6,multi_jet,image_classification,experiment_1.json
6600.88,6,multi_jet,image_classification,experiment_1.json
6800.82,6,multi_jet,image_classification,experiment_1.json
7001.14,6,multi_jet,image_classification,experiment_1.json
7201.07,6,multi_jet,image_classification,experiment_1.json
7400.98,6,multi_jet,image_classification,experiment_1.json
7600.85,6,multi_jet,image_classification,experiment_1.json
7800.78,6,multi_jet,image_classification,experiment_1.json
8000.93,6,multi_jet,image_classification,experiment_1.json
8200.95,6,multi_jet,image_classification,experiment_1.json
8400.9,6,multi_jet,image_classification,experiment_1.json
8600.74,6,multi_jet,image_classification,experiment_1.json
8800.67,6,multi_jet,image_classification,experiment_1.json
9000.87,6,multi_jet,image_classification,experiment_1.json
3001.11,7,dripping,image_classification,experiment_2.json
3201.1,7,dripping,image_classification,experiment_2.json
3400.99,7,intermitent,image_classification,experiment_2.json
3600.9,7,intermitent,image_classification,experiment_2.json
3800.87,7,intermitent,image_classification,experiment_2.json
4001.06,7,intermitent,image_classification,experiment_2.json
4200.97,7,intermitent,image_classification,experiment_2.json
4401,7,intermitent,image_classification,experiment_2.json
4600.88,7,intermitent,image_classification,experiment_2.json
4800.79,7,cone_jet,image_classification,experiment_2.json
5001.02,7,cone_jet,image_classification,experiment_2.json
5201,7,cone_jet,image_classification,experiment_2.json
5400.87,7,undefined,image_classification,experiment_2.json
5600.81,7,undefined,image_classification,experiment_2.json
5800.81,7,multi_jet,image_classification,experiment_2.json
6001,7,multi_jet,image_classification,experiment_2.json
6200.95,7,multi_jet,image_classification,experiment_2.json
6400.87,7,multi_jet,image_classification,experiment_2.json
6600.75,7,multi_jet,image_classification,experiment_2.json
6800.69,7,multi_jet,image_classification,experiment_2.json
7001.01,7,multi_jet,image_classification,experiment_2.json
7200.92,7,multi_jet,image_classification,experiment_2.json
7400.82,7,multi_jet,image_classification,experiment_2.json
7600.72,7,multi_jet,image_classification,experiment_2.json
7800.63,7,multi_jet,image_classification,experiment_2.json
8000.78,7,multi_jet,image_classification,experiment_2.json
8200.81,7,multi_jet,image_classification,experiment_2.json
8400.75,7,multi_jet,image_classification,experiment_2.json
8600.57,7,multi_jet,image_classification,experiment_2.json
8800.52,7,multi_jet,image_classification,experiment_2.json
9000.72,7,multi_jet,image_classification,experiment_2.json
3001.2,8,dripping,image_classification,experiment_2.json
3201.15,8,dripping,image_classification,experiment_2.json
3401.01,8,intermitent,image_classification,experiment_2.json
3600.88,8,intermitent,image_classification,experiment_2.json
3800.88,8,intermitent,image_classification,experiment_2.json
4001.09,8,intermitent,image_classification,experiment_2.json
4200.96,8,intermitent,image_classification,experiment_2.json
4401.02,8,intermitent,image_classification,experiment_2.json
4600.89,8,intermitent,image_classification,experiment_2.json
4800.8,8,intermitent,image_classification,experiment_2.json
5001.05,8,intermitent,image_classification,experiment_2.json
5200.99,8,cone_jet,image_classification,experiment_2.json
5400.83,8,cone_jet,image_classification,experiment_2.json
5600.8,8,undefined,image_classification,experiment_2.json
5800.81,8,undefined,image_classification,experiment_2.json
6001.03,8,multi_jet,image_classification,experiment_2.json
6200.95,8,multi_jet,image_classification,experiment_2.json
6400.85,8,multi_jet,image_classification,experiment_2.json
6600.75,8,multi_jet,image_classification,experiment_2.json
6800.66,8,multi_jet,image_classification,experiment_2.json
7000.99,8,multi_jet,image_classification,experiment_2.json
7200.93,8,multi_jet,image_classification,experiment_2.json
7400.81,8,multi_jet,image_classification,experiment_2.json
7600.71,8,multi_jet,image_classification,experiment_2.json
7800.63,8,multi_jet,image_classification,experiment_2.json
8000.78,8,multi_jet,image_classification,experiment_2.json
8200.79,8,multi_jet,image_classification,experiment_2.json
8400.73,8,multi_jet,image_classification,experiment_2.json
8600.57,8,multi_jet,image_classification,experiment_2.json
8800.5,8,multi_jet,image_classification,experiment_2.json
9000.71,8,multi_jet,image_classification,experiment_2.json
3001.21,9,dripping,image_classification,experiment_2.json
3201.12,9,dripping,image_classification,experiment_2.json
3401.01,9,intermitent,image_classification,experiment_2.json
3600.91,9,intermitent,image_classification,experiment_2.json
3800.87,9,intermitent,image_classification,experiment_2.json
4001.06,9,undefined,image_classification,experiment_2.json
4200.97,9,undefined,image_classification,experiment_2.json
4401.04,9,undefined,image_classification,experiment_2.json
4600.9,9,cone_jet,image_classification,experiment_2.json
4800.82,9,cone_jet,image_classification,experiment_2.json
5001.06,9,cone_jet,image_classification,experiment_2.json
5201.01,9,cone_jet,image_classification,experiment_2.json
5400.86,9,cone_jet,image_classification,experiment_2.json
5600.8,9,multi_jet,image_classification,experiment_2.json
5800.81,9,multi_jet,image_classification,experiment_2.json
6000.99,9,multi_jet,image_classification,experiment_2.json
6200.96,9,multi_jet,image_classification,experiment_2.json
6400.86,9,multi_jet,image_classification,experiment_2.json
6600.76,9,multi_jet,image_classification,experiment_2.json
6800.69,9,multi_jet,image_classification,experiment_2.json
7001,9,multi_jet,image_classification,experiment_2.json
7200.97,9,multi_jet,image_classification,experiment_2.json
7400.83,9,multi_jet,image_classification,experiment_2.json
7600.73,9,multi_jet,image_classification,experiment_2.json
7800.65,9,multi_jet,image_classification,experiment_2.json
8000.76,9,multi_jet,image_classification,experiment_2.json
8200.81,9,multi_jet,image_classification,experiment_2.json
8400.75,9,multi_jet,image_classification,experiment_2.json
8600.59,9,multi_jet,image_classification,experiment_2.json
8800.52,9,multi_jet,image_classification,experiment_2.json
9000.72,9,multi_jet,image_classification,experiment_2.json
3001.07,10,dripping,image_classification,experiment_3.json
3201.08,10,dripping,image_classification,experiment_3.json
3400.95,10,intermitent,image_classification,experiment_3.json
3600.88,10,intermitent,image_classification,experiment_3.json
3800.86,10,intermitent,image_classification,experiment_3.json
4001.06,10,intermitent,image_classification,experiment_3.json
4200.93,10,intermitent,image_classification,experiment_3.json
4400.99,10,intermitent,image_classification,experiment_3.json
4600.89,10,intermitent,image_classification,experiment_3.json
4800.8,10,intermitent,image_classification,experiment_3.json
5001.03,10,cone_jet,image_classification,experiment_3.json
5200.99,10,undefined,image_classification,experiment_3.json
5400.85,10,multi_jet,image_classification,experiment_3.json
5600.78,10,multi_jet,image_classification,experiment_3.json
5800.78,10,multi_jet,image_classification,experiment_3.json
6000.98,10,multi_jet,image_classification,experiment_3.json
6200.91,10,multi_jet,image_classification,experiment_3.json
6400.86,10,multi_jet,image_classification,experiment_3.json
6600.73,10,multi_jet,image_classification,experiment_3.json
6800.65,10,multi_jet,image_classification,experiment_3.json
7000.97,10,multi_jet,image_classification,experiment_3.json
7200.91,10,multi_jet,image_classification,experiment_3.json
7400.8,10,multi_jet,image_classification,experiment_3.json
7600.71,10,multi_jet,image_classification,experiment_3.json
7800.62,10,multi_jet,image_classification,experiment_3.json
8000.75,10,multi_jet,image_classification,experiment_3.json
8200.78,10,multi_jet,image_classification,experiment_3.json
8400.71,10,multi_jet,image_classification,experiment_3.json
8600.54,10,multi_jet,image_classification,experiment_3.json
8800.46,10,multi_jet,image_classification,experiment_3.json
9000.68,10,multi_jet,image_classification,experiment_3.json
3001.19,11,dripping,image_classification,experiment_3.json
3201.11,11,dripping,image_classification,experiment_3.json
3400.97,11,intermitent,image_classification,experiment_3.json
3600.86,11,intermitent,image_classification,experiment_3.json
3800.83,11,intermitent,image_classification,experiment_3.json
4001.05,11,intermitent,image_classification,experiment_3.json
4200.92,11,intermitent,image_classification,experiment_3.json
4401,11,intermitent,image_classification,experiment_3.json
4600.86,11,intermitent,image_classification,experiment_3.json
4800.74,11,intermitent,image_classification,experiment_3.json
5001,11,intermitent,image_classification,experiment_3.json
5200.97,11,cone_jet,image_classification,experiment_3.json
5400.8,11,undefined,image_classification,experiment_3.json
5600.78,11,undefined,image_classification,experiment_3.json
5800.77,11,multi_jet,image_classification,experiment_3.json
6000.98,11,multi_jet,image_classification,experiment_3.json
6200.92,11,multi_jet,image_classification,experiment_3.json
6400.86,11,multi_jet,image_classification,experiment_3.json
6600.75,11,multi_jet,image_classification,experiment_3.json
6800.67,11,multi_jet,image_classification,experiment_3.json
7000.97,11,multi_jet,image_classification,experiment_3.json
7200.91,11,multi_jet,image_classification,experiment_3.json
7400.8,11,multi_jet,image_classification,experiment_3.json
7600.7,11,multi_jet,image_classification,experiment_3.json
7800.6,11,multi_jet,image_classification,experiment_3.json
8000.75,11,multi_jet,image_classification,experiment_3.json
8200.79,11,multi_jet,image_classification,experiment_3.json
8400.72,11,multi_jet,image_classification,experiment_3.json
8600.56,11,multi_jet,image_classification,experiment_3.json
8800.48,11,multi_jet,image_classification,experiment_3.json
9000.7,11,multi_jet,image_classification,experiment_3.json
3001.21,12,dripping,image_classification,experiment_3.json
3201.13,12,dripping,image_classification,experiment_3.json
3401,12,intermitent,image_classification,experiment_3.json
3600.89,12,intermitent,image_classification,experiment_3.json
3800.88,12,intermitent,image_classification,experiment_3.json
4001.06,12,intermitent,image_classification,experiment_3.json
4200.95,12,intermitent,image_classification,experiment_3.json
4401.02,12,intermitent,image_classification,experiment_3.json
4600.92,12,intermitent,image_classification,experiment_3.json
4800.79,12,intermitent,image_classification,experiment_3.json
5001.04,12,intermitent,image_classification,experiment_3.json
5200.98,12,cone_jet,image_classification,experiment_3.json
5400.84,12,undefined,image_classification,experiment_3.json
5600.79,12,multi_jet,image_classification,experiment_3.json
5800.8,12,multi_jet,image_classification,experiment_3.json
6000.98,12,multi_jet,image_classification,experiment_3.json
6200.93,12,multi_jet,image_classification,experiment_3.json
6400.87,12,multi_jet,image_classification,experiment_3.json
6600.73,12,multi_jet,image_classification,experiment_3.json
6800.66,12,multi_jet,image_classification,experiment_3.json
7000.99,12,multi_jet,image_classification,experiment_3.json
7200.92,12,multi_jet,image_classification,experiment_3.json
7400.8,12,multi_jet,image_classification,experiment_3.json
7600.72,12,multi_jet,image_classification,experiment_3.json
7800.61,12,multi_jet,image_classification,experiment_3.json
8000.76,12,multi_jet,image_classification,experiment_3.json
8200.81,12,multi_jet,image_classification,experiment_3.json
8400.72,12,multi_jet,image_classification,experiment_3.json
8600.57,12,multi_jet,image_classification,experiment_3.json
8800.49,12,multi_jet,image_classification,experiment_3.json
9000.72,12,multi_jet,image_classification,experiment_3.json
3001.03,13,dripping,image_classification,experiment_4.json
3201.04,13,dripping,image_classification,experiment_4.json
3400.93,13,intermitent,image_classification,experiment_4.json
3600.83,13,intermitent,image_classification,experiment_4.json
3800.81,13,intermitent,image_classification,experiment_4.json
4001.01,13,intermitent,image_classification,experiment_4.json
4200.91,13,undefined,image_classification,experiment_4.json
4400.98,13,intermitent,image_classification,experiment_4.json
4600.87,13,intermitent,image_classification,experiment_4.json
4800.77,13,intermitent,image_classification,experiment_4.json
5001,13,intermitent,image_classification,experiment_4.json
5200.95,13,cone_jet,image_classification,experiment_4.json
5400.83,13,cone_jet,image_classification,experiment_4.json
5600.74,13,undefined,image_classification,experiment_4.json
5800.79,13,multi_jet,image_classification,experiment_4.json
6000.97,13,multi_jet,image_classification,experiment_4.json
6200.9,13,multi_jet,image_classification,experiment_4.json
6400.85,13,multi_jet,image_classification,experiment_4.json
6600.73,13,multi_jet,image_classification,experiment_4.json
6800.65,13,multi_jet,image_classification,experiment_4.json
7000.96,13,multi_jet,image_classification,experiment_4.json
7200.91,13,multi_jet,image_classification,experiment_4.json
7400.77,13,multi_jet,image_classification,experiment_4.json
7600.67,13,multi_jet,image_classification,experiment_4.json
7800.6,13,multi_jet,image_classification,experiment_4.json
8000.73,13,multi_jet,image_classification,experiment_4.json
8200.74,13,multi_jet,image_classification,experiment_4.json
8400.72,13,multi_jet,image_classification,experiment_4.json
8600.57,13,multi_jet,image_classification,experiment_4.json
8800.47,13,multi_jet,image_classification,experiment_4.json
9000.72,13,multi_jet,image_classification,experiment_4.json
3001.19,15,dripping,image_classification,experiment_4.json
3201.13,15,dripping,image_classification,experiment_4.json
3401,15,intermitent,image_classification,experiment_4.json
3600.91,15,intermitent,image_classification,experiment_4.json
3800.87,15,intermitent,image_classification,experiment_4.json
4001.07,15,intermitent,image_classification,experiment_4.json
4200.95,15,intermitent,image_classification,experiment_4.json
4401.02,15,intermitent,image_classification,experiment_4.json
4600.87,15,intermitent,image_classification,experiment_4.json
4800.77,15,intermitent,image_classification,experiment_4.json
5001.02,15,intermitent,image_classification,experiment_4.json
5200.96,15,cone_jet,image_classification,experiment_4.json
5400.83,15,undefined,image_classification,experiment_4.json
5600.79,15,undefined,image_classification,experiment_4.json
5800.79,15,multi_jet,image_classification,experiment_4.json
6000.98,15,multi_jet,image_classification,experiment_4.json
6200.92,15,multi_jet,image_classification,experiment_4.json
6400.84,15,multi_jet,image_classification,experiment_4.json
6600.74,15,multi_jet,image_classification,experiment_4.json
6800.64,15,multi_jet,image_classification,experiment_4.json
7000.99,15,multi_jet,image_classification,experiment_4.json
7200.93,15,multi_jet,image_classification,experiment_4.json
7400.82,15,multi_jet,image_classification,experiment_4.json
7600.72,15,multi_jet,image_classification,experiment_4.json
7800.63,15,multi_jet,image_classification,experiment_4.json
8000.75,15,multi_jet,image_classification,experiment_4.json
8200.78,15,multi_jet,image_classification,experiment_4.json
8400.72,15,multi_jet,image_classification,experiment_4.json
8600.55,15,multi_jet,image_classification,experiment_4.json
8800.47,15,multi_jet,image_classification,experiment_4.json
9000.69,15,multi_jet,image_classification,experiment_4.json
3001.19,18,dripping,image_classification,experiment_4.json
3201.11,18,dripping,image_classification,experiment_4.json
3400.99,18,intermitent,image_classification,experiment_4.json
3600.87,18,intermitent,image_classification,experiment_4.json
3800.86,18,intermitent,image_classification,experiment_4.json
4001.04,18,intermitent,image_classification,experiment_4.json
4200.92,18,intermitent,image_classification,experiment_4.json
4400.98,18,intermitent,image_classification,experiment_4.json
4600.85,18,intermitent,image_classification,experiment_4.json
4800.76,18,intermitent,image_classification,experiment_4.json
5001,18,intermitent,image_classification,experiment_4.json
5200.95,18,cone_jet,image_classification,experiment_4.json
5400.82,18,cone_jet,image_classification,experiment_4.json
5600.76,18,multi_jet,image_classification,experiment_4.json
5800.76,18,multi_jet,image_classification,experiment_4.json
6000.95,18,multi_jet,image_classification,experiment_4.json
6200.9,18,multi_jet,image_classification,experiment_4.json
6400.84,18,multi_jet,image_classification,experiment_4.json
6600.71,18,multi_jet,image_classification,experiment_4.json
6800.65,18,multi_jet,image_classification,experiment_4.json
7000.96,18,multi_jet,image_classification,experiment_4.json
7200.91,18,multi_jet,image_classification,experiment_4.json
7400.77,18,multi_jet,image_classification,experiment_4.json
7600.67,18,multi_jet,image_classification,experiment_4.json
7800.59,18,multi_jet,image_classification,experiment_4.json
8000.72,18,multi_jet,image_classification,experiment_4.json
8200.78,18,multi_jet,image_classification,experiment_4.json
8400.69,18,multi_jet,image_classification,experiment_4.json
8600.55,18,multi_jet,image_classification,experiment_4.json
8800.46,18,multi_jet,image_classification,experiment_4.json
9000.7,18,multi_jet,image_classification,experiment_4.json
3001.03,20,dripping,image_classification,experiment_5.json
3201.04,20,dripping,image_classification,experiment_5.json
3400.95,20,intermitent,image_classification,experiment_5.json
3600.83,20,intermitent,image_classification,experiment_5.json
3800.83,20,intermitent,image_classification,experiment_5.json
4001.01,20,intermitent,image_classification,experiment_5.json
4200.92,20,intermitent,image_classification,experiment_5.json
4400.96,20,intermitent,image_classification,experiment_5.json
4600.83,20,intermitent,image_classification,experiment_5.json
4800.74,20,intermitent,image_classification,experiment_5.json
5000.98,20,intermitent,image_classification,experiment_5.json
5200.92,20,intermitent,image_classification,experiment_5.json
5400.8,20,cone_jet,image_classification,experiment_5.json
5600.73,20,cone_jet,image_classification,experiment_5.json
5800.76,20,cone_jet,image_classification,experiment_5.json
6000.93,20,multi_jet,image_classification,experiment_5.json
6200.89,20,multi_jet,image_classification,experiment_5.json
6400.83,20,multi_jet,image_classification,experiment_5.json
6600.69,20,multi_jet,image_classification,experiment_5.json
6800.61,20,multi_jet,image_classification,experiment_5.json
7000.92,20,multi_jet,image_classification,experiment_5.json
7200.88,20,multi_jet,image_classification,experiment_5.json
7400.74,20,multi_jet,image_classification,experiment_5.json
7600.65,20,multi_jet,image_classification,experiment_5.json
7800.55,20,multi_jet,image_classification,experiment_5.json
8000.7,20,multi_jet,image_classification,experiment_5.json
8200.74,20,multi_jet,image_classification,experiment_5.json
8400.66,20,multi_jet,image_classification,experiment_5.json
8600.5,20,multi_jet,image_classification,experiment_5.json
8800.41,20,multi_jet,image_classification,experiment_5.json
9000.66,20,multi_jet,image_classification,experiment_5.json
3001.18,23,dripping,image_classification,experiment_5.json
3201.08,23,dripping,image_classification,experiment_5.json
3400.96,23,intermitent,image_classification,experiment_5.json
3600.84,23,intermitent,image_classification,experiment_5.json
3800.82,23,intermitent,image_classification,experiment_5.json
4001,23,intermitent,image_classification,experiment_5.json
4200.9,23,intermitent,image_classification,experiment_5.json
4400.94,23,intermitent,image_classification,experiment_5.json
4600.83,23,intermitent,image_classification,experiment_5.json
4800.71,23,intermitent,image_classification,experiment_5.json
5000.98,23,intermitent,image_classification,experiment_5.json
5200.92,23,intermitent,image_classification,experiment_5.json
5400.8,23,intermitent,image_classification,experiment_5.json
5600.71,23,cone_jet,image_classification,experiment_5.json
5800.72,23,undefined,image_classification,experiment_5.json
6000.95,23,undefined,image_classification,experiment_5.json
6200.85,23,multi_jet,image_classification,experiment_5.json
6400.78,23,multi_jet,image_classification,experiment_5.json
6600.68,23,multi_jet,image_classification,experiment_5.json
6800.6,23,multi_jet,image_classification,experiment_5.json
7000.9,23,multi_jet,image_classification,experiment_5.json
7200.86,23,multi_jet,image_classification,experiment_5.json
7400.74,23,multi_jet,image_classification,experiment_5.json
7600.63,23,multi_jet,image_classification,experiment_5.json
7800.54,23,multi_jet,image_classification,experiment_5.json
8000.65,23,multi_jet,image_classification,experiment_5.json
8200.69,23,multi_jet,image_classification,experiment_5.json
8400.64,23,multi_jet,image_classification,experiment_5.json
8600.49,23,multi_jet,image_classification,experiment_5.json
8800.37,23,multi_jet,image_classification,experiment_5.json
9000.62,23,multi_jet,image_classification,experiment_5.json
3001.15,25,dripping,image_classification,experiment_5.json
3201.07,25,dripping,image_classification,experiment_5.json
3400.94,25,intermitent,image_classification,experiment_5.json
3600.86,25,intermitent,image_classification,experiment_5.json
3800.85,25,intermitent,image_classification,experiment_5.json
4000.99,25,intermitent,image_classification,experiment_5.json
4200.88,25,intermitent,image_classification,experiment_5.json
4400.96,25,intermitent,image_classification,experiment_5.json
4600.85,25,intermitent,image_classification,experiment_5.json
4800.71,25,intermitent,image_classification,experiment_5.json
5000.96,25,intermitent,image_classification,experiment_5.json
5200.91,25,intermitent,image_classification,experiment_5.json
5400.76,25,intermitent,image_classification,experiment_5.json
5600.73,25,cone_jet,image_classification,experiment_5.json
5800.72,25,undefined,image_classification,experiment_5.json
6000.91,25,undefined,image_classification,experiment_5.json
6200.85,25,undefined,image_classification,experiment_5.json
6400.78,25,multi_jet,image_classification,experiment_5.json
6600.67,25,multi_jet,image_classification,experiment_5.json
6800.58,25,multi_jet,image_classification,experiment_5.json
7000.9,25,multi_jet,image_classification,experiment_5.json
7200.84,25,multi_jet,image_classification,experiment_5.json
7400.74,25,multi_jet,image_classification,experiment_5.json
7600.65,25,multi_jet,image_classification,experiment_5.json
7800.54,25,multi_jet,image_classification,experiment_5.json
8000.66,25,multi_jet,image_classification,experiment_5.json
8200.71,25,multi_jet,image_classification,experiment_5.json
8400.65,25,multi_jet,image_classification,experiment_5.json
8600.48,25,multi_jet,image_classification,experiment_5.json
8800.38,25,multi_jet,image_classification,experiment_5.json
9000.63,25,multi_jet,image_classification,experiment_5.json
3001,27,dripping,image_classification,experiment_6.json
3201.01,27,dripping,image_classification,experiment_6.json
3400.89,27,intermitent,image_classification,experiment_6.json
3600.81,27,intermitent,image_classification,experiment_6.json
3800.78,27,intermitent,image_classification,experiment_6.json
4000.96,27,intermitent,image_classification,experiment_6.json
4200.86,27,intermitent,image_classification,experiment_6.json
4400.93,27,intermitent,image_classification,experiment_6.json
4600.81,27,undefined,image_classification,experiment_6.json
4800.67,27,intermitent,image_classification,experiment_6.json
5000.94,27,intermitent,image_classification,experiment_6.json
5200.89,27,intermitent,image_classification,experiment_6.json
5400.74,27,undefined,image_classification,experiment_6.json
5600.68,27,undefined,image_classification,experiment_6.json
5800.69,27,undefined,image_classification,experiment_6.json
6000.89,27,multi_jet,image_classification,experiment_6.json
6200.83,27,multi_jet,image_classification,experiment_6.json
6400.75,27,multi_jet,image_classification,experiment_6.json
6600.63,27,multi_jet,image_classification,experiment_6.json
6800.56,27,multi_jet,image_classification,experiment_6.json
7000.89,27,multi_jet,image_classification,experiment_6.json
7200.84,27,multi_jet,image_classification,experiment_6.json
7400.72,27,multi_jet,image_classification,experiment_6.json
7600.62,27,multi_jet,image_classification,experiment_6.json
7800.55,27,multi_jet,image_classification,experiment_6.json
8000.67,27,multi_jet,image_classification,experiment_6.json
8200.71,27,multi_jet,image_classification,experiment_6.json
8400.62,27,multi_jet,image_classification,experiment_6.json
8600.5,27,multi_jet,image_classification,experiment_6.json
8800.39,27,multi_jet,image_classification,experiment_6.json
9000.62,27,multi_jet,image_classification,experiment_6.json
3001.15,28,dripping,image_classification,experiment_6.json
3201.08,28,dripping,image_classification,experiment_6.json
3400.93,28,intermitent,image_classification,experiment_6.json
3600.8,28,intermitent,image_classification,experiment_6.json
3800.81,28,intermitent,image_classification,experiment_6.json
4000.99,28,undefined,image_classification,experiment_6.json
4200.88,28,undefined,image_classification,experiment_6.json
4400.94,28,undefined,image_classification,experiment_6.json
4600.83,28,undefined,image_classification,experiment_6.json
4800.72,28,undefined,image_classification,experiment_6.json
5000.98,28,undefined,image_classification,experiment_6.json
5200.94,28,undefined,image_classification,experiment_6.json
5400.77,28,undefined,image_classification,experiment_6.json
5600.72,28,cone_jet,image_classification,experiment_6.json
5800.72,28,undefined,image_classification,experiment_6.json
6000.91,28,multi_jet,image_classification,experiment_6.json
6200.84,28,multi_jet,image_classification,experiment_6.json
6400.78,28,multi_jet,image_classification,experiment_6.json
6600.67,28,multi_jet,image_classification,experiment_6.json
6800.59,28,multi_jet,image_classification,experiment_6.json
7000.9,28,multi_jet,image_classification,experiment_6.json
7200.83,28,multi_jet,image_classification,experiment_6.json
7400.73,28,multi_jet,image_classification,experiment_6.json
7600.65,28,multi_jet,image_classification,experiment_6.json
7800.53,28,multi_jet,image_classification,experiment_6.json
8000.7,28,multi_jet,image_classification,experiment_6.json
8200.69,28,multi_jet,image_classification,experiment_6.json
8400.64,28,multi_jet,image_classification,experiment_6.json
8600.46,28,multi_jet,image_classification,experiment_6.json
8800.38,28,multi_jet,image_classification,experiment_6.json
9000.61,28,multi_jet,image_classification,experiment_6.json
3001.15,30,dripping,image_classification,experiment_6.json
3201.06,30,dripping,image_classification,experiment_6.json
3400.95,30,intermitent,image_classification,experiment_6.json
3600.84,30,intermitent,image_classification,experiment_6.json
3800.84,30,undefined,image_classification,experiment_6.json
4001,30,undefined,image_classification,experiment_6.json
4200.88,30,intermitent,image_classification,experiment_6.json
4400.94,30,undefined,image_classification,experiment_6.json
4600.85,30,undefined,image_classification,experiment_6.json
4800.72,30,undefined,image_classification,experiment_6.json
5000.97,30,intermitent,image_classification,experiment_6.json
5200.92,30,undefined,image_classification,experiment_6.json
5400.78,30,undefined,image_classification,experiment_6.json
5600.71,30,undefined,image_classification,experiment_6.json
5800.7,30,undefined,image_classification,experiment_6.json
6000.89,30,undefined,image_classification,experiment_6.json
6200.84,30,multi_jet,image_classification,experiment_6.json
6400.76,30,multi_jet,image_classification,experiment_6.json
6600.66,30,multi_jet,image_classification,experiment_6.json
6800.55,30,multi_jet,image_classification,experiment_6.json
7000.93,30,multi_jet,image_classification,experiment_6.json
7200.82,30,multi_jet,image_classification,experiment_6.json
7400.72,30,multi_jet,image_classification,experiment_6.json
7600.59,30,multi_jet,image_classification,experiment_6.json
7800.52,30,multi_jet,image_classification,experiment_6.json
8000.66,30,multi_jet,image_classification,experiment_6.json
8200.69,30,multi_jet,image_classification,experiment_6.json
8400.61,30,multi_jet,image_classification,experiment_6.json
8600.46,30,multi_jet,image_classification,experiment_6.json
8800.35,30,multi_jet,image_classification,experiment_6.json
9000.61,30,multi_jet,image_classification,experiment_6.json
3000.97,33,dripping,image_classification,experiment_7.json
3200.98,33,dripping,image_classification,experiment_7.json
3400.89,33,intermitent,image_classification,experiment_7.json
3600.8,33,intermitent,image_classification,experiment_7.json
3800.76,33,undefined,image_classification,experiment_7.json
4000.94,33,undefined,image_classification,experiment_7.json
4200.85,33,undefined,image_classification,experiment_7.json
4400.9,33,cone_jet,image_classification,experiment_7.json
4600.78,33,cone_jet,image_classification,experiment_7.json
4800.68,33,cone_jet,image_classification,experiment_7.json
5000.92,33,cone_jet,image_classification,experiment_7.json
5200.9,33,cone_jet,image_classification,experiment_7.json
5400.72,33,multi_jet,image_classification,experiment_7.json
5600.68,33,multi_jet,image_classification,experiment_7.json
5800.68,33,multi_jet,image_classification,experiment_7.json
6000.87,33,multi_jet,image_classification,experiment_7.json
6200.82,33,multi_jet,image_classification,experiment_7.json
6400.74,33,multi_jet,image_classification,experiment_7.json
6600.61,33,multi_jet,image_classification,experiment_7.json
6800.55,33,multi_jet,image_classification,experiment_7.json
7000.9,33,multi_jet,image_classification,experiment_7.json
7200.8,33,multi_jet,image_classification,experiment_7.json
7400.7,33,multi_jet,image_classification,experiment_7.json
7600.59,33,multi_jet,image_classification,experiment_7.json
7800.52,33,multi_jet,image_classification,experiment_7.json
8000.64,33,multi_jet,image_classification,experiment_7.json
8200.65,33,multi_jet,image_classification,experiment_7.json
8400.63,33,multi_jet,image_classification,experiment_7.json
8600.45,33,multi_jet,image_classification,experiment_7.json
8800.38,33,multi_jet,image_classification,experiment_7.json
9000.61,33,multi_jet,image_classification,experiment_7.json
3001.15,36,dripping,image_classification,experiment_7.json
3201.05,36,dripping,image_classification,experiment_7.json
3400.93,36,dripping,image_classification,experiment_7.json
3600.84,36,intermitent,image_classification,experiment_7.json
3800.82,36,intermitent,image_classification,experiment_7.json
4001,36,intermitent,image_classification,experiment_7.json
4200.89,36,intermitent,image_classification,experiment_7.json
4400.95,36,undefined,image_classification,experiment_7.json
4600.82,36,intermitent,image_classification,experiment_7.json
4800.71,36,intermitent,image_classification,experiment_7.json
5000.95,36,intermitent,image_classification,experiment_7.json
5200.9,36,intermitent,image_classification,experiment_7.json
5400.76,36,intermitent,image_classification,experiment_7.json
5600.71,36,cone_jet,image_classification,experiment_7.json
5800.73,36,cone_jet,image_classification,experiment_7.json
6000.93,36,multi_jet,image_classification,experiment_7.json
6200.84,36,multi_jet,image_classification,experiment_7.json
6400.79,36,multi_jet,image_classification,experiment_7.json
6600.68,36,multi_jet,image_classification,experiment_7.json
6800.59,36,multi_jet,image_classification,experiment_7.json
7000.91,36,multi_jet,image_classification,experiment_7.json
7200.86,36,multi_jet,image_classification,experiment_7.json
7400.75,36,multi_jet,image_classification,experiment_7.json
7600.65,36,multi_jet,image_classification,experiment_7.json
7800.58,36,multi_jet,image_classification,experiment_7.json
8000.69,36,multi_jet,image_classification,experiment_7.json
8200.72,36,multi_jet,image_classification,experiment_7.json
8400.65,36,multi_jet,image_classification,experiment_7.json
8600.5,36,multi_jet,image_classification,experiment_7.json
8800.41,36,multi_jet,image_classification,experiment_7.json
9000.64,36,multi_jet,image_classification,experiment_7.json
3001.17,40,dripping,image_classification,experiment_7.json
3201.09,40,dripping,image_classification,experiment_7.json
3400.95,40,dripping,image_classification,experiment_7.json
3600.84,40,dripping,image_classification,experiment_7.json
3800.81,40,intermitent,image_classification,experiment_7.json
4001.02,40,intermitent,image_classification,experiment_7.json
4200.91,40,intermitent,image_classification,experiment_7.json
4400.95,40,undefined,image_classification,experiment_7.json
4600.82,40,undefined,image_classification,experiment_7.json
4800.72,40,undefined,image_classification,experiment_7.json
5000.99,40,undefined,image_classification,experiment_7.json
5200.94,40,intermitent,image_classification,experiment_7.json
5400.8,40,intermitent,image_classification,experiment_7.json
5600.73,40,intermitent,image_classification,experiment_7.json
5800.74,40,cone_jet,image_classification,experiment_7.json
6000.92,40,cone_jet,image_classification,experiment_7.json
6200.84,40,cone_jet,image_classification,experiment_7.json
6400.8,40,multi_jet,image_classification,experiment_7.json
6600.68,40,multi_jet,image_classification,experiment_7.json
6800.63,40,multi_jet,image_classification,experiment_7.json
7000.94,40,multi_jet,image_classification,experiment_7.json
7200.88,40,multi_jet,image_classification,experiment_7.json
7400.77,40,multi_jet,image_classification,experiment_7.json
7600.66,40,multi_jet,image_classification,experiment_7.json
7800.56,40,multi_jet,image_classification,experiment_7.json
8000.71,40,multi_jet,image_classification,experiment_7.json
8200.76,40,multi_jet,image_classification,experiment_7.json
8400.69,40,multi_jet,image_classification,experiment_7.json
8600.52,40,multi_jet,image_classification,experiment_7.json
8800.43,40,multi_jet,image_classification,experiment_7.json
9000.64,40,multi_jet,image_classification,experiment_7.json
3001.02,45,unconclusive,image_classification,experiment_8.json
3201.05,45,unconclusive,image_classification,experiment_8.json
3400.95,45,unconclusive,image_classification,experiment_8.json
3600.82,45,unconclusive,image_classification,experiment_8.json
3800.83,45,intermitent,image_classification,experiment_8.json
4001.01,45,intermitent,image_classification,experiment_8.json
4200.89,45,intermitent,image_classification,experiment_8.json
4400.96,45,intermitent,image_classification,experiment_8.json
4600.86,45,intermitent,image_classification,experiment_8.json
4800.73,45,intermitent,image_classification,experiment_8.json
5000.97,45,intermitent,image_classification,experiment_8.json
5200.94,45,undefined,image_classification,experiment_8.json
5400.8,45,intermitent,image_classification,experiment_8.json
5600.75,45,intermitent,image_classification,experiment_8.json
5800.75,45,intermitent,image_classification,experiment_8.json
6000.96,45,intermitent,image_classification,experiment_8.json
6200.87,45,intermitent,image_classification,experiment_8.json
6400.8,45,intermitent,image_classification,experiment_8.json
6600.71,45,cone_jet,image_classification,experiment_8.json
6800.63,45,cone_jet,image_classification,experiment_8.json
7000.93,45,cone_jet,image_classification,experiment_8.json
7200.88,45,multi_jet,image_classification,experiment_8.json
7400.76,45,multi_jet,image_classification,experiment_8.json
7600.66,45,multi_jet,image_classification,experiment_8.json
7800.59,45,multi_jet,image_classification,experiment_8.json
8000.71,45,multi_jet,image_classification,experiment_8.json
8200.77,45,multi_jet,image_classification,experiment_8.json
8400.68,45,multi_jet,image_classification,experiment_8.json
8600.51,45,multi_jet,image_classification,experiment_8.json
8800.43,45,multi_jet,image_classification,experiment_8.json
9000.68,45,multi_jet,image_classification,experiment_8.json
3001.17,50,dripping,image_classification,experiment_8.json
3201.11,50,dripping,image_classification,experiment_8.json
3400.99,50,dripping,image_classification,experiment_8.json
3600.86,50,dripping,image_classification,experiment_8.json
3800.86,50,dripping,image_classification,experiment_8.json
4001.07,50,dripping,image_classification,experiment_8.json
4200.93,50,intermitent,image_classification,experiment_8.json
4400.98,50,intermitent,image_classification,experiment_8.json
4600.88,50,intermitent,image_classification,experiment_8.json
4800.76,50,intermitent,image_classification,experiment_8.json
5000.99,50,undefined,image_classification,experiment_8.json
5200.95,50,intermitent,image_classification,experiment_8.json
5400.81,50,intermitent,image_classification,experiment_8.json
5600.75,50,intermitent,image_classification,experiment_8.json
5800.76,50,intermitent,image_classification,experiment_8.json
6000.95,50,cone_jet,image_classification,experiment_8.json
6200.89,50,cone_jet,image_classification,experiment_8.json
6400.83,50,cone_jet,image_classification,experiment_8.json
6600.72,50,cone_jet,image_classification,experiment_8.json
6800.65,50,cone_jet,image_classification,experiment_8.json
7000.94,50,cone_jet,image_classification,experiment_8.json
7200.92,50,undefined,image_classification,experiment_8.json
7400.78,50,multi_jet,image_classification,experiment_8.json
7600.66,50,multi_jet,image_classification,experiment_8.json
7800.58,50,multi_jet,image_classification,experiment_8.json
8000.73,50,multi_jet,image_classification,experiment_8.json
8200.76,50,multi_jet,image_classification,experiment_8.json
8400.69,50,multi_jet,image_classification,experiment_8.json
8600.53,50,multi_jet,image_classification,experiment_8.json
8800.46,50,multi_jet,image_classification,experiment_8.json
9000.68,50,multi_jet,image_classification,experiment_8.json
3001.21,60,dripping,image_classification,experiment_8.json
3201.1,60,dripping,image_classification,experiment_8.json
3400.98,60,dripping,image_classification,experiment_8.json
3600.89,60,dripping,image_classification,experiment_8.json
3800.85,60,dripping,image_classification,experiment_8.json
4001.03,60,dripping,image_classification,experiment_8.json
4200.94,60,dripping,image_classification,experiment_8.json
4400.98,60,dripping,image_classification,experiment_8.json
4600.87,60,intermitent,image_classification,experiment_8.json
4800.77,60,intermitent,image_classification,experiment_8.json
5001.02,60,intermitent,image_classification,experiment_8.json
5200.98,60,intermitent,image_classification,experiment_8.json
5400.81,60,intermitent,image_classification,experiment_8.json
5600.74,60,intermitent,image_classification,experiment_8.json
5800.76,60,intermitent,image_classification,experiment_8.json
6000.95,60,undefined,image_classification,experiment_8.json
6200.89,60,undefined,image_classification,experiment_8.json
6400.83,60,undefined,image_classification,experiment_8.json
6600.71,60,intermitent,image_classification,experiment_8.json
6800.64,60,intermitent,image_classification,experiment_8.json
7000.95,60,cone_jet,image_classification,experiment_8.json
7200.91,60,intermitent,image_classification,experiment_8.json
7400.77,60,cone_jet,image_classification,experiment_8.json
7600.66,60,cone_jet,image_classification,experiment_8.json
7800.58,60,cone_jet,image_classification,experiment_8.json
8000.7,60,undefined,image_classification,experiment_8.json
8200.73,60,multi_jet,image_classification,experiment_8.json
8400.68,60,multi_jet,image_classification,experiment_8.json
8600.49,60,multi_jet,image_classification,experiment_8.json
8800.45,60,multi_jet,image_classification,experiment_8.json
9000.68,60,multi_jet,image_classification,experiment_8.json
3001.04,70,dripping,image_classification,experiment_9.json
3201.06,70,dripping,image_classification,experiment_9.json
3400.95,70,dripping,image_classification,experiment_9.json
3600.85,70,dripping,image_classification,experiment_9.json
3800.83,70,dripping,image_classification,experiment_9.json
4001.05,70,dripping,image_classification,experiment_9.json
4200.92,70,dripping,image_classification,experiment_9.json
4401,70,dripping,image_classification,experiment_9.json
4600.85,70,dripping,image_classification,experiment_9.json
4800.75,70,intermitent,image_classification,experiment_9.json
5001,70,intermitent,image_classification,experiment_9.json
5200.94,70,intermitent,image_classification,experiment_9.json
5400.79,70,intermitent,image_classification,experiment_9.json
5600.75,70,intermitent,image_classification,experiment_9.json
5800.77,70,intermitent,image_classification,experiment_9.json
6000.96,70,intermitent,image_classification,experiment_9.json
6200.89,70,intermitent,image_classification,experiment_9.json
6400.83,70,intermitent,image_classification,experiment_9.json
6600.69,70,undefined,image_classification,experiment_9.json
6800.63,70,intermitent,image_classification,experiment_9.json
7000.95,70,undefined,image_classification,experiment_9.json
7200.88,70,undefined,image_classification,experiment_9.json
7400.76,70,intermitent,image_classification,experiment_9.json
7600.68,70,intermitent,image_classification,experiment_9.json
7800.61,70,undefined,image_classification,experiment_9.json
8000.74,70,undefined,image_classification,experiment_9.json
8200.76,70,multi_jet,image_classification,experiment_9.json
8400.7,70,multi_jet,image_classification,experiment_9.json
8600.53,70,multi_jet,image_classification,experiment_9.json
8800.45,70,multi_jet,image_classification,experiment_9.json
9000.66,70,multi_jet,image_classification,experiment_9.json
3001.16,80,dripping,image_classification,experiment_9.json
3201.1,80,dripping,image_classification,experiment_9.json
3400.97,80,dripping,image_classification,experiment_9.json
3600.87,80,dripping,image_classification,experiment_9.json
3800.83,80,dripping,image_classification,experiment_9.json
4001.05,80,dripping,image_classification,experiment_9.json
4200.93,80,dripping,image_classification,experiment_9.json
4401,80,dripping,image_classification,experiment_9.json
4600.86,80,dripping,image_classification,experiment_9.json
4800.76,80,dripping,image_classification,experiment_9.json
5001,80,intermitent,image_classification,experiment_9.json
5200.95,80,intermitent,image_classification,experiment_9.json
5400.79,80,intermitent,image_classification,experiment_9.json
5600.74,80,intermitent,image_classification,experiment_9.json
5800.76,80,intermitent,image_classification,experiment_9.json
6000.97,80,intermitent,image_classification,experiment_9.json
6200.89,80,intermitent,image_classification,experiment_9.json
6400.82,80,intermitent,image_classification,experiment_9.json
6600.71,80,intermitent,image_classification,experiment_9.json
6800.61,80,intermitent,image_classification,experiment_9.json
7000.97,80,undefined,image_classification,experiment_9.json
7200.89,80,undefined,image_classification,experiment_9.json
7400.79,80,intermitent,image_classification,experiment_9.json
7600.67,80,intermitent,image_classification,experiment_9.json
7800.59,80,intermitent,image_classification,experiment_9.json
8000.7,80,intermitent,image_classification,experiment_9.json
8200.75,80,undefined,image_classification,experiment_9.json
8400.71,80,multi_jet,image_classification,experiment_9.json
8600.54,80,multi_jet,image_classification,experiment_9.json
8800.46,80,multi_jet,image_classification,experiment_9.json
9000.69,80,multi_jet,image_classification,experiment_9.json
3001.16,90,unconclusive,image_classification,experiment_9.json
3201.1,90,unconclusive,image_classification,experiment_9.json
3400.99,90,dripping,image_classification,experiment_9.json
3600.89,90,dripping,image_classification,experiment_9.json
3800.86,90,dripping,image_classification,experiment_9.json
4001.05,90,dripping,image_classification,experiment_9.json
4200.94,90,dripping,image_classification,experiment_9.json
4401,90,dripping,image_classification,experiment_9.json
4600.87,90,dripping,image_classification,experiment_9.json
4800.76,90,dripping,image_classification,experiment_9.json
5001.01,90,dripping,image_classification,experiment_9.json
5200.96,90,dripping,image_classification,experiment_9.json
5400.81,90,intermitent,image_classification,experiment_9.json
5600.75,90,intermitent,image_classification,experiment_9.json
5800.75,90,intermitent,image_classification,experiment_9.json
6000.94,90,intermitent,image_classification,experiment_9.json
6200.88,90,intermitent,image_classification,experiment_9.json
6400.83,90,intermitent,image_classification,experiment_9.json
6600.69,90,intermitent,image_classification,experiment_9.json
6800.64,90,intermitent,image_classification,experiment_9.json
7000.95,90,intermitent,image_classification,experiment_9.json
7200.89,90,intermitent,image_classification,experiment_9.json
7400.75,90,undefined,image_classification,experiment_9.json
7600.68,90,undefined,image_classification,experiment_9.json
7800.58,90,undefined,image_classification,experiment_9.json
8000.71,90,intermitent,image_classification,experiment_9.json
8200.76,90,intermitent,image_classification,experiment_9.json
8400.69,90,undefined,image_classification,experiment_9.json
8600.52,90,undefined,image_classification,experiment_9.json
8800.45,90,undefined,image_classification,experiment_9.json
9000.69,90,undefined,image_classification,experiment_9.json
3001.39,100,dripping,image_classification,experiment_10.json
3201.39,100,dripping,image_classification,experiment_10.json
3401.26,100,dripping,image_classification,experiment_10.json
3601.15,100,intermitent,image_classification,experiment_10.json
3801.16,100,intermitent,image_classification,experiment_10.json
4001.34,100,intermitent,image_classification,experiment_10.json
4201.24,100,intermitent,image_classification,experiment_10.json
4401.31,100,intermitent,image_classification,experiment_10.json
4601.17,100,intermitent,image_classification,experiment_10.json
4801.08,100,intermitent,image_classification,experiment_10.json
5001.32,100,undefined,image_classification,experiment_10.json
5201.32,100,undefined,image_classification,experiment_10.json
5401.17,100,undefined,image_classification,experiment_10.json
5601.09,100,undefined,image_classification,experiment_10.json
5801.1,100,undefined,image_classification,experiment_10.json
6001.33,100,undefined,image_classification,experiment_10.json
6201.29,100,undefined,image_classification,experiment_10.json
6401.2,100,undefined,image_classification,experiment_10.json
6601.09,100,undefined,image_classification,experiment_10.json
6801.03,100,undefined,image_classification,experiment_10.json
7001.32,100,undefined,image_classification,experiment_10.json
7201.26,100,undefined,image_classification,experiment_10.json
7401.18,100,undefined,image_classification,experiment_10.json
7601.08,100,undefined,image_classification,experiment_10.json
7800.99,100,multi_jet,image_classification,experiment_10.json
8001.15,100,multi_jet,image_classification,experiment_10.json
8201.16,100,multi_jet,image_classification,experiment_10.json
8401.12,100,multi_jet,image_classification,experiment_10.json
8600.94,100,multi_jet,image_classification,experiment_10.json
8800.86,100,multi_jet,image_classification,experiment_10.json
9001.08,100,multi_jet,image_classification,experiment_10.json
3001.4,120,dripping,image_classification,experiment_10.json
3201.34,120,dripping,image_classification,experiment_10.json
3401.19,120,dripping,image_classification,experiment_10.json
3601.12,120,dripping,image_classification,experiment_10.json
3801.08,120,dripping,image_classification,experiment_10.json
4001.28,120,intermitent,image_classification,experiment_10.json
4201.13,120,intermitent,image_classification,experiment_10.json
4401.24,120,intermitent,image_classification,experiment_10.json
4601.12,120,intermitent,image_classification,experiment_10.json
4800.98,120,intermitent,image_classification,experiment_10.json
5001.27,120,intermitent,image_classification,experiment_10.json
5201.21,120,intermitent,image_classification,experiment_10.json
5401.08,120,intermitent,image_classification,experiment_10.json
5601.02,120,intermitent,image_classification,experiment_10.json
5801.05,120,intermitent,image_classification,experiment_10.json
6001.25,120,undefined,image_classification,experiment_10.json
6201.19,120,undefined,image_classification,experiment_10.json
6401.09,120,undefined,image_classification,experiment_10.json
6601,120,undefined,image_classification,experiment_10.json
6800.95,120,undefined,image_classification,experiment_10.json
7001.27,120,undefined,image_classification,experiment_10.json
7201.21,120,undefined,image_classification,experiment_10.json
7401.1,120,undefined,image_classification,experiment_10.json
7601.02,120,undefined,image_classification,experiment_10.json
7800.92,120,undefined,image_classification,experiment_10.json
8001.06,120,intermitent,image_classification,experiment_10.json
8201.11,120,undefined,image_classification,experiment_10.json
8401.06,120,undefined,image_classification,experiment_10.json
8600.89,120,multi_jet,image_classification,experiment_10.json
8800.81,120,multi_jet,image_classification,experiment_10.json
9001.05,120,multi_jet,image_classification,experiment_10.json
3001.37,140,dripping,image_classification,experiment_10.json
3201.31,140,dripping,image_classification,experiment_10.json
3401.18,140,dripping,image_classification,experiment_10.json
3601.07,140,dripping,image_classification,experiment_10.json
3801.07,140,dripping,image_classification,experiment_10.json
4001.25,140,dripping,image_classification,experiment_10.json
4201.14,140,dripping,image_classification,experiment_10.json
4401.23,140,dripping,image_classification,experiment_10.json
4601.08,140,dripping,image_classification,experiment_10.json
4800.98,140,dripping,image_classification,experiment_10.json
5001.22,140,dripping,image_classification,experiment_10.json
5201.2,140,dripping,image_classification,experiment_10.json
5401.06,140,dripping,image_classification,experiment_10.json
5600.98,140,intermitent,image_classification,experiment_10.json
5800.99,140,intermitent,image_classification,experiment_10.json
6001.19,140,intermitent,image_classification,experiment_10.json
6201.13,140,intermitent,image_classification,experiment_10.json
6401.07,140,intermitent,image_classification,experiment_10.json
6600.93,140,intermitent,image_classification,experiment_10.json
6800.9,140,intermitent,image_classification,experiment_10.json
7001.21,140,intermitent,image_classification,experiment_10.json
7201.13,140,intermitent,image_classification,experiment_10.json
7401.06,140,undefined,image_classification,experiment_10.json
7600.94,140,undefined,image_classification,experiment_10.json
7800.86,140,undefined,image_classification,experiment_10.json
8000.96,140,undefined,image_classification,experiment_10.json
8201.01,140,undefined,image_classification,experiment_10.json
8400.99,140,undefined,image_classification,experiment_10.json
8600.8,140,undefined,image_classification,experiment_10.json
8800.74,140,multi_jet,image_classification,experiment_10.json
9000.96,140,multi_jet,image_classification,experiment_10.json
3001.14,160,dripping,image_classification,experiment_12.json
3201.13,160,dripping,image_classification,experiment_12.json
3401.02,160,intermitent,image_classification,experiment_12.json
3600.93,160,dripping,image_classification,experiment_12.json
3800.92,160,dripping,image_classification,experiment_12.json
4001.11,160,dripping,image_classification,experiment_12.json
4201.02,160,intermitent,image_classification,experiment_12.json
4401.07,160,unconclusive,image_classification,experiment_12.json
4600.97,160,intermitent,image_classification,experiment_12.json
4800.88,160,dripping,image_classification,experiment_12.json
5001.11,160,intermitent,image_classification,experiment_12.json
5201.05,160,unconclusive,image_classification,experiment_12.json
5400.92,160,intermitent,image_classification,experiment_12.json
5600.86,160,intermitent,image_classification,experiment_12.json
5800.89,160,intermitent,image_classification,experiment_12.json
6001.07,160,intermitent,image_classification,experiment_12.json
6201.03,160,intermitent,image_classification,experiment_12.json
6400.94,160,intermitent,image_classification,experiment_12.json
6600.83,160,intermitent,image_classification,experiment_12.json
6800.79,160,intermitent,image_classification,experiment_12.json
7001.07,160,intermitent,image_classification,experiment_12.json
7201.02,160,intermitent,image_classification,experiment_12.json
7400.94,160,unconclusive,image_classification,experiment_12.json
7600.82,160,cone_jet,image_classification,experiment_12.json
7800.75,160,unconclusive,image_classification,experiment_12.json
8000.87,160,multi_jet,image_classification,experiment_12.json
8200.89,160,multi_jet,image_classification,experiment_12.json
8400.82,160,unconclusive,image_classification,experiment_12.json
8600.7,160,unconclusive,image_classification,experiment_12.json
8800.61,160,intermitent,image_classification,experiment_12.json
9000.85,160,multi_jet,image_classification,experiment_12.json
3001.26,180,dripping,image_classification,experiment_12.json
3201.19,180,unconclusive,image_classification,experiment_12.json
3401.06,180,dripping,image_classification,experiment_12.json
3600.96,180,dripping,image_classification,experiment_12.json
3800.92,180,multi_jet,image_classification,experiment_12.json
4001.14,180,dripping,image_classification,experiment_12.json
4201,180,dripping,image_classification,experiment_12.json
4401.08,180,dripping,image_classification,experiment_12.json
4600.95,180,dripping,image_classification,experiment_12.json
4800.85,180,unconclusive,image_classification,experiment_12.json
5001.1,180,dripping,image_classification,experiment_12.json
5201.05,180,dripping,image_classification,experiment_12.json
5400.9,180,unconclusive,image_classification,experiment_12.json
5600.85,180,intermitent,image_classification,experiment_12.json
5800.85,180,intermitent,image_classification,experiment_12.json
6001.09,180,intermitent,image_classification,experiment_12.json
6201.02,180,intermitent,image_classification,experiment_12.json
6400.94,180,intermitent,image_classification,experiment_12.json
6600.84,180,intermitent,image_classification,experiment_12.json
6800.76,180,intermitent,image_classification,experiment_12.json
7001.07,180,intermitent,image_classification,experiment_12.json
7201.03,180,intermitent,image_classification,experiment_12.json
7400.89,180,unconclusive,image_classification,experiment_12.json
7600.82,180,unconclusive,image_classification,experiment_12.json
7800.71,180,multi_jet,image_classification,experiment_12.json
8000.85,180,multi_jet,image_classification,experiment_12.json
8200.9,180,multi_jet,image_classification,experiment_12.json
8400.84,180,multi_jet,image_classification,experiment_12.json
8600.67,180,unconclusive,image_classification,experiment_12.json
8800.6,180,intermitent,image_classification,experiment_12.json
9000.82,180,unconclusive,image_classification,experiment_12.json
3001.23,200,dripping,image_classification,experiment_12.json
3201.17,200,intermitent,image_classification,experiment_12.json
3401.05,200,unconclusive,image_classification,experiment_12.json
3600.98,200,intermitent,image_classification,experiment_12.json
3800.95,200,dripping,image_classification,experiment_12.json
4001.12,200,dripping,image_classification,experiment_12.json
4201.02,200,dripping,image_classification,experiment_12.json
4401.06,200,unconclusive,image_classification,experiment_12.json
4600.97,200,intermitent,image_classification,experiment_12.json
4800.86,200,dripping,image_classification,experiment_12.json
5001.12,200,dripping,image_classification,experiment_12.json
5201.06,200,intermitent,image_classification,experiment_12.json
5400.9,200,intermitent,image_classification,experiment_12.json
5600.84,200,intermitent,image_classification,experiment_12.json
5800.86,200,intermitent,image_classification,experiment_12.json
6001.06,200,intermitent,image_classification,experiment_12.json
6200.98,200,intermitent,image_classification,experiment_12.json
6400.93,200,intermitent,image_classification,experiment_12.json
6600.81,200,intermitent,image_classification,experiment_12.json
6800.74,200,intermitent,image_classification,experiment_12.json
7001.05,200,intermitent,image_classification,experiment_12.json
7200.96,200,unconclusive,image_classification,experiment_12.json
7400.89,200,unconclusive,image_classification,experiment_12.json
7600.78,200,multi_jet,image_classification,experiment_12.json
7800.68,200,multi_jet,image_classification,experiment_12.json
8000.82,200,unconclusive,image_classification,experiment_12.json
8200.85,200,unconclusive,image_classification,experiment_12.json
8400.82,200,unconclusive,image_classification,experiment_12.json
8600.62,200,intermitent,image_classification,experiment_12.json
8800.57,200,multi_jet,image_classification,experiment_12.json
9000.78,200,multi_jet,image_classification,experiment_12.json
3001.05,250,intermitent,image_classification,experiment_13.json
3201.06,250,dripping,image_classification,experiment_13.json
3400.98,250,unconclusive,image_classification,experiment_13.json
3600.87,250,dripping,image_classification,experiment_13.json
3800.87,250,dripping,image_classification,experiment_13.json
4001.05,250,dripping,image_classification,experiment_13.json
4200.92,250,intermitent,image_classification,experiment_13.json
4401,250,unconclusive,image_classification,experiment_13.json
4600.88,250,unconclusive,image_classification,experiment_13.json
4800.77,250,intermitent,image_classification,experiment_13.json
5001.01,250,intermitent,image_classification,experiment_13.json
5201.01,250,intermitent,image_classification,experiment_13.json
5400.83,250,intermitent,image_classification,experiment_13.json
5600.78,250,intermitent,image_classification,experiment_13.json
5800.78,250,intermitent,image_classification,experiment_13.json
6000.98,250,intermitent,image_classification,experiment_13.json
6200.94,250,unconclusive,image_classification,experiment_13.json
6400.9,250,intermitent,image_classification,experiment_13.json
6600.73,250,intermitent,image_classification,experiment_13.json
6800.7,250,intermitent,image_classification,experiment_13.json
7000.98,250,multi_jet,image_classification,experiment_13.json
7200.94,250,unconclusive,image_classification,experiment_13.json
7400.83,250,intermitent,image_classification,experiment_13.json
7600.71,250,multi_jet,image_classification,experiment_13.json
7800.64,250,multi_jet,image_classification,experiment_13.json
8000.76,250,unconclusive,image_classification,experiment_13.json
8200.81,250,multi_jet,image_classification,experiment_13.json
8400.74,250,multi_jet,image_classification,experiment_13.json
8600.58,250,multi_jet,image_classification,experiment_13.json
8800.51,250,unconclusive,image_classification,experiment_13.json
9000.74,250,multi_jet,image_classification,experiment_13.json
3001.21,300,dripping,image_classification,experiment_13.json
3201.1,300,intermitent,image_classification,experiment_13.json
3400.98,300,dripping,image_classification,experiment_13.json
3600.89,300,unconclusive,image_classification,experiment_13.json
3800.87,300,dripping,image_classification,experiment_13.json
4001.05,300,dripping,image_classification,experiment_13.json
4200.95,300,intermitent,image_classification,experiment_13.json
4401.01,300,intermitent,image_classification,experiment_13.json
4600.9,300,intermitent,image_classification,experiment_13.json
4800.77,300,intermitent,image_classification,experiment_13.json
5001.02,300,intermitent,image_classification,experiment_13.json
5200.99,300,intermitent,image_classification,experiment_13.json
5400.85,300,intermitent,image_classification,experiment_13.json
5600.81,300,intermitent,image_classification,experiment_13.json
5800.79,300,unconclusive,image_classification,experiment_13.json
6000.98,300,multi_jet,image_classification,experiment_13.json
6200.95,300,intermitent,image_classification,experiment_13.json
6400.87,300,intermitent,image_classification,experiment_13.json
6600.77,300,multi_jet,image_classification,experiment_13.json
6800.69,300,unconclusive,image_classification,experiment_13.json
7000.99,300,intermitent,image_classification,experiment_13.json
7200.93,300,multi_jet,image_classification,experiment_13.json
7400.82,300,dripping,image_classification,experiment_13.json
7600.71,300,multi_jet,image_classification,experiment_13.json
7800.62,300,unconclusive,image_classification,experiment_13.json
8000.78,300,multi_jet,image_classification,experiment_13.json
8200.8,300,multi_jet,image_classification,experiment_13.json
8400.73,300,multi_jet,image_classification,experiment_13.json
8600.59,300,unconclusive,image_classification,experiment_13.json
8800.5,300,multi_jet,image_classification,experiment_13.json
9000.71,300,multi_jet,image_classification,experiment_13.json
3001.2,350,dripping,image_classification,experiment_13.json
3201.12,350,dripping,image_classification,experiment_13.json
3400.99,350,intermitent,image_classification,experiment_13.json
3600.89,350,dripping,image_classification,experiment_13.json
3800.87,350,intermitent,image_classification,experiment_13.json
4001.08,350,intermitent,image_classification,experiment_13.json
4200.95,350,intermitent,image_classification,experiment_13.json
4401.02,350,intermitent,image_classification,experiment_13.json
4600.89,350,intermitent,image_classification,experiment_13.json
4800.76,350,intermitent,image_classification,experiment_13.json
5001.03,350,intermitent,image_classification,experiment_13.json
5200.98,350,unconclusive,image_classification,experiment_13.json
5400.85,350,multi_jet,image_classification,experiment_13.json
5600.79,350,intermitent,image_classification,experiment_13.json
5800.78,350,intermitent,image_classification,experiment_13.json
6001.03,350,intermitent,image_classification,experiment_13.json
6200.95,350,intermitent,image_classification,experiment_13.json
6400.87,350,unconclusive,image_classification,experiment_13.json
6600.75,350,multi_jet,image_classification,experiment_13.json
6800.69,350,multi_jet,image_classification,experiment_13.json
7000.99,350,multi_jet,image_classification,experiment_13.json
7200.95,350,unconclusive,image_classification,experiment_13.json
7400.82,350,unconclusive,image_classification,experiment_13.json
7600.74,350,multi_jet,image_classification,experiment_13.json
7800.64,350,multi_jet,image_classification,experiment_13.json
8000.75,350,unconclusive,image_classification,experiment_13.json
8200.83,350,multi_jet,image_classification,experiment_13.json
8400.74,350,multi_jet,image_classification,experiment_13.json
8600.59,350,unconclusive,image_classification,experiment_13.json
8800.49,350,multi_jet,image_classification,experiment_13.json
9000.73,350,multi_jet,image_classification,experiment_13.json
3001.03,400,dripping,image_classification,experiment_14.json
3201.06,400,dripping,image_classification,experiment_14.json
3400.97,400,dripping,image_classification,experiment_14.json
3600.85,400,dripping,image_classification,experiment_14.json
3800.84,400,dripping,image_classification,experiment_14.json
4001.02,400,dripping,image_classification,experiment_14.json
4200.91,400,dripping,image_classification,experiment_14.json
4400.98,400,dripping,image_classification,experiment_14.json
4600.85,400,dripping,image_classification,experiment_14.json
4800.76,400,intermitent,image_classification,experiment_14.json
5001,400,unconclusive,image_classification,experiment_14.json
5200.98,400,unconclusive,image_classification,experiment_14.json
5400.8,400,unconclusive,image_classification,experiment_14.json
5600.77,400,intermitent,image_classification,experiment_14.json
5800.76,400,intermitent,image_classification,experiment_14.json
6000.98,400,intermitent,image_classification,experiment_14.json
6200.9,400,intermitent,image_classification,experiment_14.json
6400.82,400,intermitent,image_classification,experiment_14.json
6600.72,400,intermitent,image_classification,experiment_14.json
6800.65,400,intermitent,image_classification,experiment_14.json
7000.97,400,intermitent,image_classification,experiment_14.json
7200.9,400,intermitent,image_classification,experiment_14.json
7400.8,400,intermitent,image_classification,experiment_14.json
7600.69,400,unconclusive,image_classification,experiment_14.json
7800.59,400,intermitent,image_classification,experiment_14.json
8000.74,400,intermitent,image_classification,experiment_14.json
8200.76,400,intermitent,image_classification,experiment_14.json
8400.71,400,intermitent,image_classification,experiment_14.json
8600.54,400,intermitent,image_classification,experiment_14.json
8800.47,400,intermitent,image_classification,experiment_14.json
9000.69,400,intermitent,image_classification,experiment_14.json
3001.19,450,unconclusive,image_classification,experiment_14.json
3201.13,450,dripping,image_classification,experiment_14.json
3400.99,450,dripping,image_classification,experiment_14.json
3600.87,450,dripping,image_classification,experiment_14.json
3800.85,450,dripping,image_classification,experiment_14.json
4001.05,450,unconclusive,image_classification,experiment_14.json
4200.93,450,dripping,image_classification,experiment_14.json
4400.98,450,dripping,image_classification,experiment_14.json
4600.9,450,dripping,image_classification,experiment_14.json
4800.78,450,dripping,image_classification,experiment_14.json
5001.02,450,dripping,image_classification,experiment_14.json
5200.97,450,dripping,image_classification,experiment_14.json
5400.83,450,dripping,image_classification,experiment_14.json
5600.79,450,intermitent,image_classification,experiment_14.json
5800.79,450,dripping,image_classification,experiment_14.json
6000.97,450,intermitent,image_classification,experiment_14.json
6200.9,450,intermitent,image_classification,experiment_14.json
6400.85,450,dripping,image_classification,experiment_14.json
6600.71,450,intermitent,image_classification,experiment_14.json
6800.65,450,intermitent,image_classification,experiment_14.json
7000.97,450,intermitent,image_classification,experiment_14.json
7200.9,450,intermitent,image_classification,experiment_14.json
7400.78,450,intermitent,image_classification,experiment_14.json
7600.68,450,intermitent,image_classification,experiment_14.json
7800.57,450,intermitent,image_classification,experiment_14.json
8000.76,450,intermitent,image_classification,experiment_14.json
8200.8,450,unconclusive,image_classification,experiment_14.json
8400.69,450,intermitent,image_classification,experiment_14.json
8600.55,450,intermitent,image_classification,experiment_14.json
8800.47,450,intermitent,image_classification,experiment_14.json
9000.71,450,intermitent,image_classification,experiment_14.json
3001.19,500,dripping,image_classification,experiment_14.json
3201.12,500,dripping,image_classification,experiment_14.json
3400.98,500,dripping,image_classification,experiment_14.json
3600.87,500,dripping,image_classification,experiment_14.json
3800.83,500,dripping,image_classification,experiment_14.json
4001.05,500,unconclusive,image_classification,experiment_14.json
4200.92,500,dripping,image_classification,experiment_14.json
4400.97,500,dripping,image_classification,experiment_14.json
4600.88,500,unconclusive,image_classification,experiment_14.json
4800.73,500,dripping,image_classification,experiment_14.json
5001,500,dripping,image_classification,experiment_14.json
5200.96,500,dripping,image_classification,experiment_14.json
5400.81,500,unconclusive,image_classification,experiment_14.json
5600.75,500,dripping,image_classification,experiment_14.json
5800.76,500,dripping,image_classification,experiment_14.json
6000.94,500,dripping,image_classification,experiment_14.json
6200.91,500,unconclusive,image_classification,experiment_14.json
6400.84,500,intermitent,image_classification,experiment_14.json
6600.72,500,intermitent,image_classification,experiment_14.json
6800.64,500,intermitent,image_classification,experiment_14.json
7000.96,500,intermitent,image_classification,experiment_14.json
7200.9,500,intermitent,image_classification,experiment_14.json
7400.78,500,intermitent,image_classification,experiment_14.json
7600.68,500,intermitent,image_classification,experiment_14.json
7800.6,500,intermitent,image_classification,experiment_14.json
8000.75,500,intermitent,image_classification,experiment_14.json
8200.75,500,intermitent,image_classification,experiment_14.json
8400.67,500,intermitent,image_classification,experiment_14.json
8600.53,500,intermitent,image_classification,experiment_14.json
8800.47,500,intermitent,image_classification,experiment_14.json
9000.69,500,intermitent,image_classification,experiment_14.json
3001,600,dripping,image_classification,experiment_15.json
3201.03,600,dripping,image_classification,experiment_15.json
3400.91,600,dripping,image_classification,experiment_15.json
3600.82,600,dripping,image_classification,experiment_15.json
3800.79,600,dripping,image_classification,experiment_15.json
4001,600,dripping,image_classification,experiment_15.json
4200.9,600,dripping,image_classification,experiment_15.json
4400.93,600,multi_jet,image_classification,experiment_15.json
4600.83,600,unconclusive,image_classification,experiment_15.json
4800.74,600,dripping,image_classification,experiment_15.json
5000.99,600,dripping,image_classification,experiment_15.json
5200.95,600,dripping,image_classification,experiment_15.json
5400.78,600,dripping,image_classification,experiment_15.json
5600.73,600,dripping,image_classification,experiment_15.json
5800.74,600,dripping,image_classification,experiment_15.json
6000.96,600,dripping,image_classification,experiment_15.json
6200.89,600,dripping,image_classification,experiment_15.json
6400.82,600,dripping,image_classification,experiment_15.json
6600.7,600,unconclusive,image_classification,experiment_15.json
6800.6,600,dripping,image_classification,experiment_15.json
7000.92,600,multi_jet,image_classification,experiment_15.json
7200.88,600,dripping,image_classification,experiment_15.json
7400.76,600,unconclusive,image_classification,experiment_15.json
7600.65,600,dripping,image_classification,experiment_15.json
7800.56,600,unconclusive,image_classification,experiment_15.json
8000.71,600,unconclusive,image_classification,experiment_15.json
8200.75,600,intermitent,image_classification,experiment_15.json
8400.69,600,intermitent,image_classification,experiment_15.json
8600.52,600,intermitent,image_classification,experiment_15.json
8800.46,600,intermitent,image_classification,experiment_15.json
9000.68,600,intermitent,image_classification,experiment_15.json
3001.21,700,dripping,image_classification,experiment_15.json
3201.12,700,dripping,image_classification,experiment_15.json
3400.99,700,dripping,image_classification,experiment_15.json
3600.87,700,dripping,image_classification,experiment_15.json
3800.86,700,dripping,image_classification,experiment_15.json
4001.05,700,dripping,image_classification,experiment_15.json
4200.91,700,dripping,image_classification,experiment_15.json
4400.99,700,dripping,image_classification,experiment_15.json
4600.88,700,intermitent,image_classification,experiment_15.json
4800.75,700,dripping,image_classification,experiment_15.json
5001,700,dripping,image_classification,experiment_15.json
5200.97,700,dripping,image_classification,experiment_15.json
5400.79,700,dripping,image_classification,experiment_15.json
5600.76,700,dripping,image_classification,experiment_15.json
5800.74,700,dripping,image_classification,experiment_15.json
6000.95,700,unconclusive,image_classification,experiment_15.json
6200.89,700,intermitent,image_classification,experiment_15.json
6400.82,700,intermitent,image_classification,experiment_15.json
6600.71,700,intermitent,image_classification,experiment_15.json
6800.63,700,intermitent,image_classification,experiment_15.json
7000.94,700,intermitent,image_classification,experiment_15.json
7200.89,700,intermitent,image_classification,experiment_15.json
7400.77,700,intermitent,image_classification,experiment_15.json
7600.68,700,intermitent,image_classification,experiment_15.json
7800.61,700,intermitent,image_classification,experiment_15.json
8000.74,700,intermitent,image_classification,experiment_15.json
8200.75,700,intermitent,image_classification,experiment_15.json
8400.69,700,intermitent,image_classification,experiment_15.json
8600.54,700,intermitent,image_classification,experiment_15.json
8800.47,700,intermitent,image_classification,experiment_15.json
9000.67,700,intermitent,image_classification,experiment_15.json
3001.18,800,dripping,image_classification,experiment_15.json
3201.1,800,multi_jet,image_classification,experiment_15.json
3400.99,800,dripping,image_classification,experiment_15.json
3600.89,800,dripping,image_classification,experiment_15.json
3800.88,800,dripping,image_classification,experiment_15.json
4001.04,800,dripping,image_classification,experiment_15.json
4200.95,800,dripping,image_classification,experiment_15.json
4400.98,800,dripping,image_classification,experiment_15.json
4600.87,800,dripping,image_classification,experiment_15.json
4800.75,800,dripping,image_classification,experiment_15.json
5001.01,800,dripping,image_classification,experiment_15.json
5200.98,800,dripping,image_classification,experiment_15.json
5400.82,800,dripping,image_classification,experiment_15.json
5600.74,800,dripping,image_classification,experiment_15.json
5800.77,800,dripping,image_classification,experiment_15.json
6000.96,800,dripping,image_classification,experiment_15.json
6200.91,800,dripping,image_classification,experiment_15.json
6400.84,800,unconclusive,image_classification,experiment_15.json
6600.72,800,dripping,image_classification,experiment_15.json
6800.66,800,dripping,image_classification,experiment_15.json
7000.98,800,dripping,image_classification,experiment_15.json
7200.88,800,dripping,image_classification,experiment_15.json
7400.76,800,dripping,image_classification,experiment_15.json
7600.69,800,dripping,image_classification,experiment_15.json
7800.58,800,dripping,image_classification,experiment_15.json
8000.73,800,dripping,image_classification,experiment_15.json
8200.76,800,dripping,image_classification,experiment_15.json
8400.71,800,unconclusive,image_classification,experiment_15.json
8600.54,800,multi_jet,image_classification,experiment_15.json
8800.48,800,unconclusive,image_classification,experiment_15.json
9000.68,800,multi_jet,image_classification,experiment_15.json
3001.05,900,dripping,image_classification,experiment_16.json
3201.05,900,dripping,image_classification,experiment_16.json
3400.97,900,dripping,image_classification,experiment_16.json
3600.85,900,dripping,image_classification,experiment_16.json
3800.81,900,dripping,image_classification,experiment_16.json
4001.04,900,dripping,image_classification,experiment_16.json
4200.94,900,dripping,image_classification,experiment_16.json
4400.97,900,dripping,image_classification,experiment_16.json
4600.86,900,unconclusive,image_classification,experiment_16.json
4800.74,900,dripping,image_classification,experiment_16.json
5001.02,900,dripping,image_classification,experiment_16.json
5200.96,900,dripping,image_classification,experiment_16.json
5400.81,900,dripping,image_classification,experiment_16.json
5600.75,900,intermitent,image_classification,experiment_16.json
5800.76,900,unconclusive,image_classification,experiment_16.json
6000.97,900,unconclusive,image_classification,experiment_16.json
6200.88,900,intermitent,image_classification,experiment_16.json
6400.83,900,intermitent,image_classification,experiment_16.json
6600.7,900,intermitent,image_classification,experiment_16.json
6800.64,900,intermitent,image_classification,experiment_16.json
7000.95,900,intermitent,image_classification,experiment_16.json
7200.89,900,intermitent,image_classification,experiment_16.json
7400.79,900,intermitent,image_classification,experiment_16.json
7600.66,900,intermitent,image_classification,experiment_16.json
7800.57,900,multi_jet,image_classification,experiment_16.json
8000.7,900,unconclusive,image_classification,experiment_16.json
8200.74,900,unconclusive,image_classification,experiment_16.json
8400.68,900,intermitent,image_classification,experiment_16.json
8600.53,900,unconclusive,image_classification,experiment_16.json
8800.46,900,intermitent,image_classification,experiment_16.json
9000.68,900,intermitent,image_classification,experiment_16.json
3001.17,1000,dripping,image_classification,experiment_16.json
3201.1,1000,dripping,image_classification,experiment_16.json
3400.99,1000,dripping,image_classification,experiment_16.json
3600.86,1000,dripping,image_classification,experiment_16.json
3800.82,1000,dripping,image_classification,experiment_16.json
4001.03,1000,dripping,image_classification,experiment_16.json
4200.93,1000,dripping,image_classification,experiment_16.json
4400.98,1000,dripping,image_classification,experiment_16.json
4600.87,1000,dripping,image_classification,experiment_16.json
4800.75,1000,intermitent,image_classification,experiment_16.json
5000.97,1000,intermitent,image_classification,experiment_16.json
5200.96,1000,intermitent,image_classification,experiment_16.json
5400.8,1000,unconclusive,image_classification,experiment_16.json
5600.77,1000,intermitent,image_classification,experiment_16.json
5800.76,1000,intermitent,image_classification,experiment_16.json
6000.97,1000,intermitent,image_classification,experiment_16.json
6200.89,1000,intermitent,image_classification,experiment_16.json
6400.82,1000,intermitent,image_classification,experiment_16.json
6600.72,1000,unconclusive,image_classification,experiment_16.json
6800.64,1000,intermitent,image_classification,experiment_16.json
7000.93,1000,intermitent,image_classification,experiment_16.json
7200.89,1000,intermitent,image_classification,experiment_16.json
7400.79,1000,intermitent,image_classification,experiment_16.json
7600.69,1000,dripping,image_classification,experiment_16.json
7800.59,1000,multi_jet,image_classification,experiment_16.json
8000.68,1000,multi_jet,image_classification,experiment_16.json
8200.74,1000,unconclusive,image_classification,experiment_16.json
8400.68,1000,multi_jet,image_classification,experiment_16.json
8600.51,1000,multi_jet,image_classification,experiment_16.json
8800.45,1000,multi_jet,image_classification,experiment_16.json
9000.65,1000,multi_jet,image_classification,experiment_16.json